"","species","freq","class","order","family","genus"
"1","Accipiter gentilis",33,"Aves","Accipitriformes","Accipitridae","Accipiter"
"2","Accipiter Gentilis",10,"Aves","Accipitriformes","Accipitridae","Accipiter"
"3","Accipiter nisus",43,"Aves","Accipitriformes","Accipitridae","Accipiter"
"4","Accipitridae",231,"Aves","Accipitriformes","Accipitridae",NA
"5","Accipitridae",212,"Aves","Accipitriformes","Accipitridae",NA
"6","Accipitridae",25,"Aves","Accipitriformes","Accipitridae",NA
"7","Aechmophorus occidentalis",3,"Aves","Podicipediformes","Podicipedidae","Aechmophorus"
"8","Aix galericulata",1,"Aves","Anseriformes","Anatidae","Aix"
"10","Alca torda",6,"Aves","Charadriiformes","Alcidae","Alca"
"11","Alcidae",2,"Aves","Charadriiformes","Alcidae",NA
"12","Alectoris rufa",1,"Aves","Galliformes","Phasianidae","Alectoris"
"13","Alle alle",2,"Aves","Charadriiformes","Alcidae","Alle"
"14","Alopochen aegyptiaca",10,"Aves","Anseriformes","Anatidae","Alopochen"
"15","Alopochen aegyptiacus",4,"Aves","Anseriformes","Anatidae","Alopochen"
"16","Anas acuta",13,"Aves","Anseriformes","Anatidae","Anas"
"17","Anas clypeata",48,"Aves","Anseriformes","Anatidae","Spatula"
"18","Anas crecca",458,"Aves","Anseriformes","Anatidae","Anas"
"19","Anas penelope",821,"Aves","Anseriformes","Anatidae","Mareca"
"20","Anas platyrhynchos",9170,"Aves","Anseriformes","Anatidae","Anas"
"21","Anas querquedula",2,"Aves","Anseriformes","Anatidae","Spatula"
"22","Anas rhynchotis",1,"Aves","Anseriformes","Anatidae","Spatula"
"23","Anas",12,"Aves","Anseriformes","Anatidae","Anas"
"24","Anas strepera",251,"Aves","Anseriformes","Anatidae","Mareca"
"25","Anatidae",887,"Aves","Anseriformes","Anatidae",NA
"26","Anatidae",995,"Aves","Anseriformes","Anatidae",NA
"27","Anser albifrons",848,"Aves","Anseriformes","Anatidae","Anser"
"28","Anser anser",491,"Aves","Anseriformes","Anatidae","Anser"
"29","Anser brachyrhynchus",114,"Aves","Anseriformes","Anatidae","Anser"
"30","Anser fabalis",57,"Aves","Anseriformes","Anatidae","Anser"
"31","Anser fabalis serrirostris",2,"Aves","Anseriformes","Anatidae","Anser"
"32","Anserinae",142,"Aves","Anseriformes","Anatidae",NA
"33","Anserinae",155,"Aves","Anseriformes","Anatidae",NA
"34","Aquila audax",1,"Aves","Accipitriformes","Accipitridae","Aquila"
"35","Aquila chrysaetos",4,"Aves","Accipitriformes","Accipitridae","Aquila"
"36","Aquila fasciata",1,"Aves","Accipitriformes","Accipitridae","Aquila"
"37","Aquila heliaca",2,"Aves","Accipitriformes","Accipitridae","Aquila"
"38","Arctic Skua",3,"Aves","Charadriiformes","Stercorariidae","Stercorarius"
"39","Arctic Tern",3,"Aves","Charadriiformes","Laridae","Sterna"
"40","Ardea alba",18,"Aves","Pelecaniformes","Ardeidae","Ardea"
"41","Ardea cinerea",66,"Aves","Pelecaniformes","Ardeidae","Ardea"
"42","Ardea herodias",5,"Aves","Pelecaniformes","Ardeidae","Ardea"
"43","Ardeidae",38,"Aves","Pelecaniformes","Ardeidae",NA
"44","Ardeidae",10,"Aves","Pelecaniformes","Ardeidae",NA
"45","Arenaria interpres",33,"Aves","Charadriiformes","Scolopacidae","Arenaria"
"46","Armenian Gull",1,"Aves","Charadriiformes","Laridae","Larus"
"47","Asio flammeus",1,"Aves","Strigiformes","Strigidae","Asio"
"48","Asio otus",7,"Aves","Strigiformes","Strigidae","Asio"
"49","Athene noctua",2,"Aves","Strigiformes","Strigidae","Athene"
"50","Atlantic Puffin",2,"Aves","Charadriiformes","Alcidae","Fratercula"
"51","Aythya fuligula",5,"Aves","Anseriformes","Anatidae","Aythya"
"52","Aythya marila",1,"Aves","Anseriformes","Anatidae","Aythya"
"53","Barn Owl",5,"Aves","Strigiformes","Tytonidae","Tyto"
"54","Barnacle Goose",260,"Aves","Anseriformes","Anatidae","Branta"
"55","Bean Goose",11,"Aves","Anseriformes","Anatidae","Anser"
"56","Bearded Vulture",5,"Aves","Accipitriformes","Accipitridae","Gypaetus"
"57","Black-Faced Spoonbill",1,"Aves","Pelecaniformes","Threskiornithidae","Platalea"
"58","Black-Legged Kittiwake",15,"Aves","Charadriiformes","Laridae","Rissa"
"59","Black-Necked Grebe",1,"Aves","Podicipediformes","Podicipedidae","Podiceps"
"60","Black Backed Gull",4,"Aves","Charadriiformes","Laridea","Larus"
"61","Black Guillemot",2,"Aves","Alcidea","Aves","Alcidea"
"62","Black Guillemot",5,"Charadriiformes","Cepphus","Charadriiformes","Cepphus"
"63","Black Headed Gull",805,"Aves","Charadriiformes","Laridae","Chroicocephalus"
"64","Black Swan",10,"Aves","Anseriformes","Anatidae","Cygnus"
"65","Branta bernicla",20,"Aves","Anseriformes","Anatidae","Branta"
"66","Branta canadensis",253,"Aves","Anseriformes","Anatidae","Branta"
"67","Branta leucopsis",564,"Aves","Anseriformes","Anatidae","Branta"
"68","Branta ruficollis",1,"Aves","Anseriformes","Anatidae","Branta"
"69","Brent Goose",18,"Aves","Anseriformes","Anatidea","Branta"
"70","Brown-Headed Gull",16,"Aves","Charadriiformes","Laridae","Chroicocephalus"
"71","Bubo bubo",20,"Aves","Strigiformes","Strigidae","Bubo"
"72","Bubulcus ibis",3,"Aves","Pelecaniformes","Ardeidae","Bubulcus"
"73","Bucephala clangula",3,"Aves","Anseriformes","Anatidae","Bucephala"
"74","Buteo buteo",446,"Aves","Accipitriformes","Accipitridae","Buteo"
"75","Buteo lagopus",5,"Aves","Accipitriformes","Accipitridae","Buteo"
"76","Buzzard",281,"Aves","Accipitriformes","Accipitridae",""
"77","Cackling Goose",1,"Aves","Anseriformes","Anatidae","Branta"
"78","Cairina moschata",2,"Aves","Anseriformes","Anatidae","Cairina"
"79","Calidris alba",24,"Aves","Charadriiformes","Scolopacidae","Calidris"
"80","Calidris alpina",5,"Aves","Charadriiformes","Scolopacidae","Calidris"
"81","Calidris canutus",4,"Aves","Charadriiformes","Scolopacidae","Calidris"
"82","Calidris fuscicollis",1,"Aves","Charadriiformes","Scolopacidae","Calidris"
"83","Calidris maritima",1,"Aves","Charadriiformes","Scolopacidae","Calidris"
"84","Calidris pusilla",2,"Aves","Charadriiformes","Scolopacidae","Calidris"
"85","Canada Goose",119,"Aves","Anseriformes","Anatidae","Branta"
"86","Carduelis carduelis",1,"Aves","Passeriformes","Fringillidae","Carduelis"
"87","Carduelis chloris",1,"Aves","Passeriformes","Fringillidae","Chloris"
"88","Caspian Gull",5,"Aves","Charadriiformes","Laridae","Larus"
"89","Cattle Egret",2,"Aves","Pelecaniformes","Ardeidae","Bubulcus"
"90","Cepphus grylle",19,"Aves","Charadriiformes","Alcidae","Cepphus"
"91","Charadriidae",29,"Aves","Charadriiformes","Charadriidae",NA
"92","Charadriidae",44,"Aves","Charadriiformes","Charadriidae",NA
"93","Charadrius hiaticula",2,"Aves","Charadriiformes","Charadriidae","Charadrius"
"94","Charadrius Pallidus",3,"Aves","Charadriiformes","Charadriidae","Charadrius"
"95","Chilean Flamingo",1,"Aves","Phoenicopteriformes","Phoenicopteridae","Phoenicopterus"
"96","Chlidonias niger",1,"Aves","Charadriiformes","Laridae","Chlidonias"
"97","Chroicocephalus cirrocephalus",9,"Aves","Charadriiformes","Laridae","Chroicocephalus"
"98","Chroicocephalus ridibundus",1201,"Aves","Charadriiformes","Laridae","Chroicocephalus"
"99","Ciconia ciconia",64,"Aves","Ciconiiformes","Ciconiidae","Ciconia"
"100","Ciconiidae",12,"Aves","Ciconiiformes","Ciconiidae",NA
"101","Ciconiidae",7,"Aves","Ciconiiformes","Ciconiidae",NA
"102","Circus aeruginosus",2,"Aves","Accipitriformes","Accipitridae","Circus"
"103","Circus assimilis",1,"Aves","Accipitriformes","Accipitridae","Circus"
"104","Circus cyaneus",3,"Aves","Accipitriformes","Accipitridae","Circus"
"105","Circus pygargus",2,"Aves","Accipitriformes","Accipitridae","Circus"
"106","Cockatiel",2,"Aves","Psittaciformes","Cacatuidae","Nymphicus"
"107","Coloeus monedula",1,"Aves","Passeriformes","Corvidae","Coloeus"
"108","Columba livia",13,"Aves","Columbiformes","Columbidae","Columba"
"109","Columba palumbus",12,"Aves","Columbiformes","Columbidae","Columba"
"110","Columbidae",4,"Aves","Columbiformes","Columbidae",NA
"111","Columbidae",4,"Aves","Columbiformes","Columbidae",NA
"112","Common Coot",7,"Aves","Gruiformes","Rallidae","Fulica"
"113","Common Eider",13,"Aves","Anseriformes","Anatidae","Somateria"
"114","Common Goldeneye",2,"Aves","Anseriformes","Anatidae","Bucephala"
"115","Common Kestrel",29,"Aves","Falconiformes","Falconidae","Falco"
"116","Common Loon",1,"Aves","Gaviiformes","Gaviidae","Gavia"
"117","Common Moorhen",7,"Aves","Gruiformes","Rallidae","Gallinula"
"118","Common Murre",19,"Aves","Charadriiformes","Alcidae","Uria"
"119","Common Pochard",9,"Aves","Anseriformes","Anatidae","Aythya"
"120","Common Quail",3,"Aves","Galliformes","Phasianidae","Coturnix"
"121","Common Raven",5,"Aves","Passeriformes","Corvidae","Corvus"
"122","Common Shelduck",10,"Aves","Anseriformes","Anatidae","Tadorna"
"123","Common Snipe",1,"Aves","Charadriiformes","Scolopacidae","Gallinago"
"124","Common Tern",81,"Aves","Charadriiformes","Laridae","Sterna"
"125","Common Wood-Pigeon",7,"Aves","Columbiformes","Columbidae","Columba"
"126","Cormorant",17,"Aves","Suliformes","Phalacrocoracidae","Phalacrocorax"
"127","Corvidae",16,"Aves","Passeriformes","Corvidae",NA
"128","Corvidae",4,"Aves","Passeriformes","Corvidae",NA
"129","Corvus corax",14,"Aves","Passeriformes","Corvidae","Corvus"
"130","Corvus cornix",3,"Aves","Passeriformes","Corvidae","Corvus"
"131","Corvus corone",6,"Aves","Passeriformes","Corvidae","Corvus"
"132","Corvus frugilegus",6,"Aves","Passeriformes","Corvidae","Corvus"
"133","Corvus monedula",12,"Aves","Passeriformes","Corvidae","Coloeus"
"134","Coscoroba coscoroba",1,"Aves","Anseriformes","Anatidae","Coscoroba"
"135","Crane",14,"Aves","Gruiiformes","Gruoidae",""
"136","Crow",34,"Aves","Passeriformes","Corvidae",""
"137","Crowned Cormorant",1,"Aves","Suliformes","Phalacrocoracidae","Microcarbo"
"138","Curlew",17,"Aves","Charadriiformes","Scolopacidae","Numenius"
"139","Cygnus",171,"Aves","Anseriformes","Anatidae","Cygnus"
"140","Cygnus atratus",9,"Aves","Anseriformes","Anatidae","Cygnus"
"141","Cygnus bewickii",6,"Aves","Anseriformes","Anatidae","Cygnus"
"142","Cygnus columbianus bewickii",20,"Aves","Anseriformes","Anatidae","Cygnus"
"143","Cygnus cygnus",126,"Aves","Anseriformes","Anatidae","Cygnus"
"144","Cygnus olor",1007,"Aves","Anseriformes","Anatidae","Cygnus"
"145","Dalmatian Pelican",18,"Aves","Pelecaniformes","Pelecanidae","Pelecanus"
"146","Dendrocopos major",2,"Aves","Piciformes","Picidae","Dendrocopos"
"147","Duck",90,"Aves","Anseriformes","Anatidae","Anas"
"148","Egret",6,"Aves","Pelecaniformes","Ardeidae",""
"149","Egretta caerulea",1,"Aves","Pelecaniformes","Ardeidae","Egretta"
"150","Egretta garzetta",8,"Aves","Pelecaniformes","Ardeidae","Egretta"
"151","Egyptian Goose",9,"Aves","Anseriformes","Anatidae","Alopochen"
"152","Emu",3,"Aves","Casuariiformes","Dromaiidae","Dromaius"
"153","Eurasian Blackbird",1,"Aves","Passeriformes","Turdidae","Turdus"
"154","Eurasian Buzzard",59,"Aves","Accipitriformes","Accipitridae","Buteo"
"155","Eurasian Collared Dove",3,"Aves","Columbiformes","Columbidae","Streptopelia"
"156","Eurasian Coot",9,"Aves","Gruiformes","Rallidae","Fulica"
"157","Eurasian Eagle-Owl",13,"Aves","Strigiformes","Strigidae","Bubo"
"158","Eurasian Jackdaw",5,"Aves","Passeriformes","Corvidae","Coloeus"
"159","Eurasian Oystercatcher",5,"Aves","Charadriiformes","Haematopodidae","Haematopus"
"160","Eurasian Sparrowhawk",22,"Aves","Accipitriformes","Accipitridae","Accipiter"
"161","Eurasian Spoonbill",3,"Aves","Pelecaniformes","Threskiornithidae","Platalea"
"162","Eurasian Tree Sparrow",2,"Aves","Passeriformes","Passeridae","Passer"
"163","Eurasian Wigeon",59,"Aves","Anseriformes","Anatidae","Mareca"
"165","European Turtle Dove",1,"Aves","Columbiformes","Columbidae","Sreptopelia"
"166","Falco biarmicus",1,"Aves","Falconiformes","Falconidae","Falco"
"167","Falco cherrug",1,"Aves","Falconiformes","Falconidae","Falco"
"168","Falco columbarius",1,"Aves","Falconiformes","Falconidae","Falco"
"169","Falco peregrinus",130,"Aves","Falconiformes","Falconidae","Falco"
"170","Falco rusticolus",1,"Aves","Falconiformes","Falconidae","Falco"
"171","Falcorverius",1,"Aves",NA,NA,NA
"172","Falco tinnunculus",39,"Aves","Falconiformes","Falconidae","Falco"
"173","Falco vespertinus",1,"Aves","Falconiformes","Falconidae","Falco"
"174","Falcon",8,"Aves","Falconiformes","Falconidae","Falco"
"175","Falconidae",6,"Aves","Falconiformes","Falconidae",NA
"177","Fratercula arctica",4,"Aves","Charadriiformes","Alcidae","Fratercula"
"178","Fringilla coelebs",1,"Aves","Passeriformes","Fringillidae","Fringilla"
"179","Fulica atra",23,"Aves","Gruiformes","Rallidae","Fulica"
"180","Fulmarus glacialis",5,"Aves","Procellariiformes","Procellariidae","Fulmarus"
"181","Gadwall",6,"Aves","Anseriformes","Anatidae","Mareca"
"182","Gallinago gallinago",2,"Aves","Charadriiformes","Scolopacidae","Gallinago"
"183","Gallinula chloropus",15,"Aves","Gruiformes","Rallidae","Gallinula"
"184","Gallus gallus",3,"Aves","Galliformes","Phasianidae","Gallus"
"185","Garrulus glandarius",2,"Aves","Passeriformes","Corvidae","Garrulus"
"186","Gavia immer",1,"Aves","Gaviiformes","Gaviidae","Gavia"
"187","Gavia stellata",2,"Aves","Gaviiformes","Gaviidae","Gavia"
"188","Gelochelidon nilotica",1,"Aves","Charadriiformes","Laridae","Gelochelidon"
"189","Geronticus eremita",1,"Aves","Pelecaniformes","Threskiornithidae","Geronticus"
"190","Glaucous Gull",1,"Aves","Charadriiformes","Laridae","Larus"
"191","Goosander",3,"Aves","Anseriformes","Anatidae","Mergus"
"192","Goose",195,"Aves","Anseriformes","Anatidae","Anser"
"193","Goshawk",11,"Aves","Accipitriformes","Accipitridae","Accipiter"
"195","Great Black-Backed Gull",33,"Aves","Charadriiformes","Laridae","Larus"
"196","Great Black-Headed Gull",5,"Aves","Charadriiformes","Laridae","Ichthyaetus"
"197","Great Blue Heron",4,"Aves","Pelecaniformes","Ardeidae","Ardea"
"198","Great Cormorant",32,"Aves","Suliformes","Phalacrocoracidae","Phalacrocorax"
"199","Great Crested Grebe",13,"Aves","Podicipediformes","Podicipedidae","Podiceps"
"200","Great Crested Grebe",6,"Aves","Podicipediformes","Podicipedidae","Podiceps"
"201","Great Egret",11,"Aves","Pelecaniformes","Ardeidae","Ardea"
"202","Great Skua",19,"Aves","Charadriiformes",NA,"Stercorarius"
"203","Greater Flamingo",3,"Aves","Phoenicopteriformes","Phoenicopteridae","Phoenicopterus"
"204","Greater Rhea",3,"Aves","Rheiformes","Rheidae","Rhea"
"205","Greater Scaup",2,"Aves","Anseriformes","Anatidae","Aythya"
"206","Greater White-Fronted Goose",28,"Aves","Anseriformes","Anatidae","Anser"
"207","Grebe",5,"Aves","Podicipediformes","Podicipedidae",""
"208","Green Sandpiper",2,"Aves","Charadriiformes","Scolopacidae","Tringa"
"209","Grey Crowned Crane",1,"Aves","Gruiformes","Gruidae","Balearica"
"210","Grey Headed Gull",10,"Aves","Charadriiformes","Laridae","Chroicocephalus"
"211","Grey Heron",55,"Aves","Pelecaniformes","Ardeidae","Ardea"
"212","Greylag Goose",55,"Aves","Anseriformes","Anatidae","Anser"
"213","Greylag Goose",211,"Aves","Anseriformes","Anatidae","Anser"
"214","Griffon Vulture",5,"Aves","Accipitriformes","Accipitridae","Gyps"
"215","Gruidae",3,"Aves","Gruiformes","Gruidae",NA
"216","Grus grus",13,"Aves","Gruiformes","Gruidae","Grus"
"217","Gull",122,"Aves","Charadriiformes","Laridae",NA
"218","Gull-Billed Tern",1,"Aves","Charadriiformes","Laridae","Gelochelidon"
"219","Gypaetus barbatus",5,"Aves","Accipitriformes","Accipitridae","Gypaetus"
"220","Gyps fulvus",12,"Aves","Accipitriformes","Accipitridae","Gyps"
"221","Haematopodidae",3,"Aves","Charadriiformes","Haematopodidae",NA
"222","Haematopodidae",2,"Aves","Charadriiformes","Haematopodidae",NA
"223","Haematopus ostralegus",9,"Aves","Charadriiformes","Haematopodidae","Haematopus"
"224","Haliaeetus albicilla",59,"Aves","Accipitriformes","Accipitridae","Haliaeetus"
"227","Harris's Hawk",1,"Aves","Accipitriformes","Accipitridae","Parabuteo"
"228","Hawk",5,"Aves","Accipitriformes","Accipitridae",""
"229","Heron",25,"Aves","Pelecaniformes","Ardeidae",""
"230","Herring Gull",243,"Aves","Charadriiformes","Laridae","Larus"
"231","Hirundinidae",1,"Aves","Passeriformes","Hirundinidae",NA
"232","Hooded Crow",7,"Aves","Passeriformes","Corvidae","Corvus"
"233","House Sparrow",9,"Aves","Passeriformes","Passeridae","Passer"
"234","Hydroprogne caspia",1,"Aves","Charadriiformes","Laridae","Hydroprogne"
"235","Ichthyaetus melanocephalus",11,"Aves","Charadriiformes","Laridae","Ichthyaetus"
"236","Ivory Gull",1,"Aves","Charadriiformes","Laridae","Pagophila"
"237","Jackdaw",3,"Aves","Passeriformes","Corvidae","Coloeus"
"238","Kite",5,"Aves","Accipitriformes","Accipitridae",""
"239","Laridae",437,"Aves","Charadriiformes","Laridae",NA
"240","Laridae",397,"Aves","Charadriiformes","Laridae",NA
"241","Larus argentatus",370,"Aves","Charadriiformes","Laridae","Larus"
"242","Larus argentatus cachinnans",1,"Aves","Charadriiformes","Laridae","Larus"
"243","Larus armenicus",3,"Aves","Charadriiformes","Laridae","Larus"
"244","Larus brunicephalus",14,"Aves","Charadriiformes","Laridea","Chroicocephalus"
"245","Larus cachinnans",16,"Aves","Charadriiformes","Laridae","Larus"
"246","Larus cachinnans cachinnans",1,"Aves","Charadriiformes","Laridae","Larus"
"247","Larus canus",33,"Aves","Charadriiformes","Laridae","Larus"
"248","Larus fuscus",52,"Aves","Charadriiformes","Laridae","Larus"
"249","Larus genei",2,"Aves","Charadriiformes","Laridae","Chroicocephalus"
"250","Larus glaucoides",4,"Aves","Charadriiformes","Laridae","Larus"
"251","Larus hyperboreus",18,"Aves","Charadriiformes","Laridae","Larus"
"252","Larus ichthyaetus",17,"Aves","Charadriiformes","Laridae","Ichthyaetus"
"253","Larus marinus",65,"Aves","Charadriiformes","Laridae","Larus"
"254","Larus melanocephalus",5,"Aves","Charadriiformes","Laridae","Ichthyaetus"
"255","Larus michahellis",148,"Aves","Charadriiformes","Laridae","Larus"
"256","Larus novaehollandiae",10,"Aves","Charadriiformes","Laridae","Chroicocephalus"
"257","Larus ridibundus",1226,"Aves","Charadriiformes","Laridae","Chroicocephalus"
"258","Larus scopulinus",1,"Aves","Charadriiformes","Laridae","Chroicocephalus"
"259","Larus smithsonianus",1,"Aves","Charadriiformes","Laridae","Larus"
"260","Larus",23,NA,"Charadriiformes","Laridae","Larus"
"261","Lesser Black-Backed Gull",12,"Aves","Charadriiformes","Laridae","Larus"
"262","Little Egret",3,"Aves","Pelecaniformes","Ardeidae","Egretta"
"263","Little Grebe",5,"Aves","Podicipediformes","Podicipedidae","Tachybaptus"
"264","Little Owl",1,"Aves","Strigiformes","Strigidae","Athene"
"265","Magpie",17,"Aves","Passeriformes","Corvidae",""
"266","Mallard",133,"Aves","Anseriformes","Anatidae","Anas"
"267","Marbled Teal",1,"Aves","Anseriformes","Anatidae","Marmaronetta"
"268","Marmaronetta angustirostris",1,"Aves","Anseriformes","Anatidae","Marmaronetta"
"269","Mediterranean Gull",20,"Aves","Charadriiformes","Laridae","Ichthyaetus"
"270","Mergus merganser",4,"Aves","Anseriformes","Anatidae","Mergus"
"271","Mew Gull",17,"Aves","Charadriiformes","Laridae","Larus"
"272","Microcarbo coronatus",1,"Aves","Suliformes","Phalacrocoracidae","Microcarbo"
"273","Milvus milvus",11,"Aves","Accipitriformes","Accipitridae","Milvus"
"275","Morus bassanus",335,"Aves","Suliformes","Sulidae","Morus"
"276","Muscovy Duck",1,"Aves","Anseriformes","Anatidae","Cairina"
"278","Mute Swan",954,"Aves","Anseriformes","Anatidae","Cygnus"
"279","Northern Bald Ibis",1,"Aves","Pelecaniformes","Threskiornithidae","Geronticus"
"280","Northern Crested Caracara",1,"Aves","Falconiformes","Falconidae","Caracara"
"281","Northern Fulmar",2,"Aves","Procellariiformes","Procellariidae","Fulmarus"
"282","Northern Gannet",204,"Aves","Suliformes","Sulidae","Morus"
"283","Northern Lapwing",1,"Aves","Charadriiformes","Charadriidae","Vanellus"
"284","Northern Pintail",2,"Aves","Anseriformes","Anatidae","Anas"
"285","Northern Shoveler",1,"Aves","Anseriformes","Anatidae","Spatula"
"286","Numenius arquata",14,"Aves","Charadriiformes","Scolopacidae","Numenius"
"287","Numenius phaeopus",1,"Aves","Charadriiformes","Scolopacidae","Numenius"
"288","Numididae",1,"Aves","Galliformes","Numididae",NA
"290","Owl",29,"Aves","Strigiformes","",""
"291","Oyster Catcher",1,"Aves","Charadriiformes","Haematopodidae","Haematopus"
"292","Pandion haliaetus",1,"Aves","Accipitriformes","Pandionidae","Pandion"
"293","Passer domesticus",3,"Aves","Passeriformes","Passeridae","Passer"
"294","Passer montanus",1,"Aves","Passeriformes","Passeridae","Passer"
"295","Passeridae",4,"Aves","Passeriformes","Passeridae",NA
"296","Passeridae",5,"Aves","Passeriformes","Passeridae",NA
"297","Peacock",1,"Aves","Lepidoptera","Nymphalidae","Nymphalis"
"298","Pelecanidae",3,"Aves","Pelecaniformes","Pelecanidae",NA
"299","Pelecanidae",16,"Aves","Pelecaniformes","Pelecanidae",NA
"300","Pelecanus crispus",22,"Aves","Pelecaniformes","Pelecanidae","Pelecanus"
"301","Pelecanus onocrotalus",2,"Aves","Pelecaniformes","Pelecanidae","Pelecanus"
"302","Peregrin Falcon",121,"Aves","Falconiformes","Falconidae","Falco"
"303","Phalacrocoracidae",12,"Aves","Suliformes","Phalacrocoracidae",NA
"304","Phalacrocorax carbo",32,"Aves","Suliformes","Phalacrocoracidae","Phalacrocorax"
"305","Phasianidae",9,"Aves","Galliformes","Phasianidae",NA
"306","Phasianidae",55,"Aves","Galliformes","Phasianidae",NA
"307","Phasianus colchicus",49,"Aves","Galliformes","Phasianidae","Phasianus"
"308","Phasianus Colchicus",22,"Aves","Galliformes","Phasianidae","Phasianus"
"310","Phoenicopterus roseus",4,"Aves","Phoenicopteriformes","Phoenicopteridae","Phoenicopterus"
"311","Phylloscopus trochilus",1,"Aves","Passeriformes","Phylloscopidae","Phylloscopus"
"312","Pica pica",13,"Aves","Passeriformes","Corvidae","Pica"
"313","Pigeon",10,"Aves","Columbiformes","Columbidae","Columba"
"314","Pink-Footed Goose",14,"Aves","Anseriformes","Anatidae","Anser"
"315","Platalea leucorodia",4,"Aves","Pelecaniformes","Threskiornithidae","Platalea"
"316","Plegadis falcinellus",1,"Aves","Pelecaniformes","Threskiornithidae","Plegadis"
"317","Pochard",3,"Aves","Anseriformes","Anatidae","Aythya"
"318","Podiceps cristatus",16,"Aves","Podicipediformes","Podicipedidae","Podiceps"
"319","Podiceps nigricollis",1,"Aves","Podicipediformes","Podicipedidae","Podiceps"
"320","Podicipedidae",1,"Aves","Podicipediformes","Podicipedidae",NA
"323","Porzana parva",1,"Aves","Gruiformes","Rallidae","Porzana"
"324","Puffinus puffinus",2,"Aves","Procellariiformes","Procellariidae","Puffinus"
"325","Pyrrhula pyrrhula",2,"Aves","Passeriformes","Fringillidae","Pyrrhula"
"326","Rallidae",2,"Aves","Gruiformes","Rallidae",NA
"327","Rallus aquaticus",2,"Aves","Gruiformes","Rallidae","Rallus"
"328","Razorbill",2,"Aves","Charadriiformes","Alcidae","Alca"
"329","Red-Billed Gull",1,"Aves","Charadriiformes","Laridae","Chroicocephalus"
"331","Red Junglefowl",2,"Aves","Galliformes","Phasianidae","Gallus"
"332","Red Knot",2,"Aves","Charadriiformes","Scolopacidae","Calidris"
"333","Rissa tridactyla",10,"Aves","Charadriiformes","Laridae","Rissa"
"334","Rock Dove",7,"Aves","Columbiformes","Columbidae","Columba"
"335","Rook",8,"Aves","Passeriformes","Corvidae","Corvus"
"336","Rose Pelican",1,"Aves","Pelecaniformes","Pelecanidae","Pelecanus"
"337","Saker Falcon",1,"Aves","Falconiformes","Falconidae","Falco"
"338","Sanderling",8,"Aves","Charadriiformes","Scolopacidae","Calidris"
"339","Sandwich Tern",44,"Aves","Charadriiformes","Laridae","Thalasseus"
"340","Scolopacidae",4,"Aves","Charadriiformes","Scolopacidae",NA
"341","Scolopacidae",4,"Aves","Charadriiformes","Scolopacidae",NA
"342","Scolopax rusticola",1,"Aves","Charadriiformes","Scolopacidae","Scolopax"
"343","Semipalmated Sandpiper",3,"Aves","Charadriiformes","Scolopacidae","Calidris"
"344","Silver Teal",1,"Aves","Anseriformes","Anatidae","Spatula"
"345","Slender-Billed Gull",3,"Aves","Charadriiformes","Laridae","Chroicocephalus"
"346","Somateria mollissima",25,"Aves","Anseriformes","Anatidae","Somateria"
"348","Spatula querquedula",1,"Aves","Anseriformes","Anatidae","Spatula"
"349","Spotted Dove",1,"Aves","Columbiformes","Columbidae","Spilopelia"
"350","Starling",4,"Aves","Passeriformes","Sturnidae","Sturnus"
"351","Stercorarius parasiticus",2,"Aves","Charadriiformes","Stercorariidae","Stercorarius"
"352","Stercorarius skua",31,"Aves","Charadriiformes","Stercorariidae","Stercorarius"
"353","Sterna hirundo",72,"Aves","Charadriiformes","Laridae","Sterna"
"354","Sterna paradisaea",8,"Aves","Charadriiformes","Laridae","Sterna"
"356","Stork",44,"Aves","Ciconiiformes","Ciconiidae",""
"357","Streptopelia decaocto",6,"Aves","Columbiformes","Columbidae","Streptopelia"
"358","Strigidae",22,"Aves","Strigiformes","Strigidae",NA
"359","Strigidae",19,"Aves","Strigiformes","Strigidae",NA
"360","Strix aluco",16,"Aves","Strigiformes","Strigidae","Strix"
"361","Strix uralensis",1,"Aves","Strigiformes","Strigidae","Strix"
"362","Sturnus vulgaris",1,"Aves","Passeriformes","Sturnidae","Sturnus"
"363","Sulidae",22,"Aves","Suliformes","Sulidae",NA
"364","Sulids",18,"Aves","Suliformes","Sulidae",""
"365","Swallow",1,"Aves","Passeriformes","Hirundinidae",""
"366","Swan",524,"Aves","Anseriformes","Anatidae","Cygnus"
"367","Swift Tern",1,"Aves","Charadriiformes","Laridea","Thalasseus"
"368","Tachybaptus ruficollis",5,"Aves","Podicipediformes","Podicipedidae","Tachybaptus"
"369","Tadorna tadorna",12,"Aves","Anseriformes","Anatidae","Tadorna"
"370","Tawny Owl",4,"Aves","Strigiformes","Strigidae","Strix"
"371","Teal",21,"Aves","Anseriformes","Anatidae","Anas"
"372","Tern",5,"Aves","Charadriiformes","Laridea",""
"373","Thalasseus sandvicensis",40,"Aves","Charadriiformes","Laridae","Thalasseus"
"374","Threskiornithidae",2,"Aves","Pelecaniformes","Threskiornithidae",NA
"375","Threskiornithidae",2,"Aves","Pelecaniformes","Threskiornithidae",NA
"376","Thrush",2,"Aves","Passeriformes","Turdidae",""
"377","Tringa glareola",26,"Aves","Charadriiformes","Scolopacidae","Tringa"
"378","Tringa ochropus",1,"Aves","Charadriiformes","Scolopacidae","Tringa"
"379","Tringa totanus",3,"Aves","Charadriiformes","Scolopacidae","Tringa"
"380","Tufted Duck",81,"Aves","Anseriformes","Anatidae","Aythya"
"381","Tundra Swan",2,"Aves","Anseriformes","Anatidae","Cygnus"
"382","Turdus merula",3,"Aves","Passeriformes","Turdidae","Turdus"
"383","Turdus philomelos",2,"Aves","Passeriformes","Turdidae","Turdus"
"384","Tyto alba",9,"Aves","Strigiformes","Tytonidae","Tyto"
"385","Unspecified Bird",359,NA,NA,NA,NA
"387","Uria aalge",45,"Aves","Charadriiformes","Alcidae","Uria"
"388","Vanellus vanellus",2,"Aves","Charadriiformes","Charadriidae","Vanellus"
"389","Variable Hawk",1,"Aves","Accipitriformes","Accipitridae",""
"391","Vulture",2,"Aves","Accipitriformes","Accipitridae",""
"392","Wader",1,"Aves","Charadriiformes","",""
"393","Water Hen",1,"Aves","Gruiformes","Rallidae","Gallinula"
"394","Western Grebe",1,"Aves","Podicipediformes","Podicipedidae","Aechmophorus"
"395","White Stork",6,"Aves","Ciconiiformes","Ciconiidae","Ciconia"
"396","White Tailed Eagle",103,"Aves","Accipitriformes","Accipitridae","Haliaeetus"
"397","Whooper Swan",171,"Aves","Anseriformes","Anatidae","Cygnus"
"398","Wigeons",1,"Aves","Anseriformes","Anatidae","Mareca"
"399","Wild Duck",63,"Aves","Anseriformes","Anatidae",""
"400","Yellow-Legged Gull",19,"Aves","Charadriiformes","Laridae","Larus"
